crash_log,log_time,timestamp
"crash_before,1777986684.152247859",1777986684.1931484,1777986684.1931484
"crash_after,1777986687.384889478",1777986687.4067552,1777986687.4067552
"crash_before,1777986696.060463664",1777986696.0661588,1777986696.0661588
"crash_after,1777986697.473300010",1777986697.5070848,1777986697.5070848
"crash_before,1777986720.084860197",1777986720.0932457,1777986720.0932457
"crash_after,1777986721.802894353",1777986721.808641,1777986721.808641
"crash_before,1777986770.768964434",1777986770.8165839,1777986770.8165839
"crash_after,1777986772.425168777",1777986772.438526,1777986772.438526
"crash_before,1777986801.353387038",1777986801.3758159,1777986801.3758159
"crash_after,1777986803.085443458",1777986803.124116,1777986803.124116
"crash_before,1777986825.898144013",1777986825.9359972,1777986825.9359972
"crash_after,1777986827.243550291",1777986827.281816,1777986827.281816
"crash_before,1777986837.872590223",1777986837.9058177,1777986837.9058177
"crash_after,1777986839.614473514",1777986839.7099113,1777986839.7099113
"crash_before,1777986854.652468645",1777986854.7472,1777986854.7472
"crash_after,1777986855.551706071",1777986855.6055317,1777986855.6055317
"crash_before,1777986872.026001805",1777986872.0332556,1777986872.0332556
"crash_after,1777986872.938274174",1777986872.9481812,1777986872.9481812
"crash_before,1777986886.245576884",1777986886.3206425,1777986886.3206425
"crash_after,1777986887.024234287",1777986887.094124,1777986887.094124
"crash_before,1777986906.278782739",1777986906.3527873,1777986906.3527873
"crash_after,1777986907.257699422",1777986907.317857,1777986907.317857
"crash_before,1777986931.532320271",1777986931.5457587,1777986931.5457587
"crash_after,1777986932.350161589",1777986932.38497,1777986932.38497
"crash_before,1777986951.099092137",1777986951.123484,1777986951.123484
"crash_after,1777986952.229780655",1777986952.322956,1777986952.322956
"crash_before,1777986991.231102103",1777986991.3312066,1777986991.3312066
"crash_after,1777986992.839024566",1777986992.8514538,1777986992.8514538
"crash_before,1777987021.914286827",1777987021.9568322,1777987021.9568322
"crash_after,1777987022.560605219",1777987022.6487417,1777987022.6487417
"crash_before,1777987031.445256755",1777987031.4457784,1777987031.4457784
"crash_after,1777987032.953482022",1777987033.0133297,1777987033.0133297
"crash_before,1777987060.443325274",1777987060.5154622,1777987060.5154622
"crash_after,1777987061.822511816",1777987061.8545148,1777987061.8545148
"crash_before,1777987069.815332500",1777987069.8632164,1777987069.8632164
"crash_after,1777987071.069110374",1777987071.1676698,1777987071.1676698
